{"cameraMode":{"drawMode":0,"name":"Shaded","section":"Shading Mode"},"sceneLighting":false,"audioPlay":false,"sceneViewState":{"showFog":true,"showMaterialUpdate":true,"showSkybox":false,"showFlares":true,"showImageEffects":true,"showParticleSystems":true},"in2DMode":false,"pivot":{"x":47.01729965209961,"y":0.978162944316864,"z":49.41680145263672},"rotation":{"x":0.23490552604198457,"y":0.39975205063819888,"z":-0.1068248450756073,"w":0.8795846104621887},"size":3.1855835914611818,"orthographic":false}