{"cameraMode":{"drawMode":0,"name":"Shaded","section":"Shading Mode"},"sceneLighting":false,"audioPlay":false,"sceneViewState":{"showFog":true,"showMaterialUpdate":true,"showSkybox":false,"showFlares":true,"showImageEffects":true,"showParticleSystems":true},"in2DMode":false,"pivot":{"x":47.32854080200195,"y":1.1562672853469849,"z":49.29323959350586},"rotation":{"x":0.2262248396873474,"y":-0.6975471377372742,"z":0.24949520826339723,"w":0.6324695348739624},"size":0.5085324645042419,"orthographic":false}