{"cameraMode":{"drawMode":0,"name":"Shaded","section":"Shading Mode"},"sceneLighting":false,"audioPlay":false,"sceneViewState":{"showFog":true,"showMaterialUpdate":true,"showSkybox":false,"showFlares":true,"showImageEffects":true,"showParticleSystems":true},"in2DMode":false,"pivot":{"x":47.46630096435547,"y":1.0801734924316407,"z":49.71760177612305},"rotation":{"x":0.17791886627674104,"y":-0.5152749419212341,"z":0.11031309515237808,"w":0.8310843110084534},"size":0.41669321060180666,"orthographic":false}