{"cameraMode":{"drawMode":0,"name":"Shaded","section":"Shading Mode"},"sceneLighting":false,"audioPlay":false,"sceneViewState":{"showFog":true,"showMaterialUpdate":true,"showSkybox":false,"showFlares":true,"showImageEffects":true,"showParticleSystems":true},"in2DMode":false,"pivot":{"x":47.33330154418945,"y":0.9849241971969605,"z":49.15045928955078},"rotation":{"x":0.03928757086396217,"y":-0.24276849627494813,"z":0.00978659838438034,"w":0.9692684412002564},"size":0.5734631419181824,"orthographic":false}