{"cameraMode":{"drawMode":0,"name":"Shaded","section":"Shading Mode"},"sceneLighting":false,"audioPlay":false,"sceneViewState":{"showFog":true,"showMaterialUpdate":true,"showSkybox":false,"showFlares":true,"showImageEffects":true,"showParticleSystems":true},"in2DMode":false,"pivot":{"x":46.938873291015628,"y":1.013512134552002,"z":49.299259185791019},"rotation":{"x":0.227155864238739,"y":0.24574343860149384,"z":-0.05939047038555145,"w":0.9404938220977783},"size":0.4960440993309021,"orthographic":false}