{"cameraMode":{"drawMode":0,"name":"Shaded","section":"Shading Mode"},"sceneLighting":false,"audioPlay":false,"sceneViewState":{"showFog":true,"showMaterialUpdate":true,"showSkybox":false,"showFlares":true,"showImageEffects":true,"showParticleSystems":true},"in2DMode":false,"pivot":{"x":45.45500183105469,"y":1.5360000133514405,"z":49.189998626708987},"rotation":{"x":-0.08987729996442795,"y":-0.6717411279678345,"z":0.08263764530420304,"w":-0.7306645512580872},"size":1.8194762468338013,"orthographic":false}