{"cameraMode":{"drawMode":0,"name":"Shaded","section":"Shading Mode"},"sceneLighting":false,"audioPlay":false,"sceneViewState":{"showFog":true,"showMaterialUpdate":true,"showSkybox":false,"showFlares":true,"showImageEffects":true,"showParticleSystems":true},"in2DMode":false,"pivot":{"x":-0.02256464958190918,"y":0.8844848871231079,"z":-0.0739939957857132},"rotation":{"x":-0.0212894007563591,"y":0.9671900272369385,"z":-0.23821881413459779,"w":-0.08608625084161759},"size":2.2656261920928957,"orthographic":false}