{"cameraMode":{"drawMode":0,"name":"Shaded","section":"Shading Mode"},"sceneLighting":true,"audioPlay":false,"sceneViewState":{"showFog":true,"showMaterialUpdate":true,"showSkybox":true,"showFlares":true,"showImageEffects":true,"showParticleSystems":true},"in2DMode":false,"pivot":{"x":45.51442337036133,"y":5.810094356536865,"z":44.72541809082031},"rotation":{"x":0.00004457731847651303,"y":0.9996904730796814,"z":-0.024896083399653436,"w":0.001795788761228323},"size":0.44580909609794619,"orthographic":false}