{"cameraMode":{"drawMode":0,"name":"Shaded","section":"Shading Mode"},"sceneLighting":false,"audioPlay":false,"sceneViewState":{"showFog":true,"showMaterialUpdate":true,"showSkybox":false,"showFlares":true,"showImageEffects":true,"showParticleSystems":true},"in2DMode":false,"pivot":{"x":47.23594284057617,"y":1.2373416423797608,"z":49.05335235595703},"rotation":{"x":-0.012806154787540436,"y":0.7027445435523987,"z":0.012648385018110276,"w":0.7112280130386353},"size":1.1058152914047242,"orthographic":false}