{"cameraMode":{"drawMode":0,"name":"Shaded","section":"Shading Mode"},"sceneLighting":false,"audioPlay":false,"sceneViewState":{"showFog":true,"showMaterialUpdate":true,"showSkybox":false,"showFlares":true,"showImageEffects":true,"showParticleSystems":true},"in2DMode":false,"pivot":{"x":46.93524932861328,"y":1.013512134552002,"z":49.410152435302737},"rotation":{"x":0.1633823812007904,"y":0.6844627857208252,"z":-0.1616375595331192,"w":0.6918901205062866},"size":0.5420986413955689,"orthographic":false}