{"cameraMode":{"drawMode":0,"name":"Shaded","section":"Shading Mode"},"sceneLighting":false,"audioPlay":false,"sceneViewState":{"showFog":true,"showMaterialUpdate":true,"showSkybox":false,"showFlares":true,"showImageEffects":true,"showParticleSystems":true},"in2DMode":false,"pivot":{"x":0.0,"y":-0.05443473160266876,"z":0.010563850402832032},"rotation":{"x":0.17025452852249146,"y":0.5719816088676453,"z":-0.12281263619661331,"w":0.7929548025131226},"size":0.4985952079296112,"orthographic":false}