{"cameraMode":{"drawMode":0,"name":"Shaded","section":"Shading Mode"},"sceneLighting":false,"audioPlay":false,"sceneViewState":{"showFog":true,"showMaterialUpdate":true,"showSkybox":false,"showFlares":true,"showImageEffects":true,"showParticleSystems":true},"in2DMode":false,"pivot":{"x":0.0,"y":0.9249999523162842,"z":-0.006737768650054932},"rotation":{"x":-0.0212894007563591,"y":0.9671900272369385,"z":-0.23821881413459779,"w":-0.08608625084161759},"size":3.7656259536743166,"orthographic":false}