{"cameraMode":{"drawMode":0,"name":"Shaded","section":"Shading Mode"},"sceneLighting":false,"audioPlay":false,"sceneViewState":{"showFog":true,"showMaterialUpdate":true,"showSkybox":false,"showFlares":true,"showImageEffects":true,"showParticleSystems":true},"in2DMode":false,"pivot":{"x":1.4339057207107545,"y":1.0251140594482422,"z":33.91742706298828},"rotation":{"x":0.16667766869068147,"y":0.5741527080535889,"z":-0.12076500058174133,"w":0.7924584150314331},"size":0.47969305515289309,"orthographic":false}