{"cameraMode":{"drawMode":0,"name":"Shaded","section":"Shading Mode"},"sceneLighting":false,"audioPlay":false,"sceneViewState":{"showFog":true,"showMaterialUpdate":true,"showSkybox":false,"showFlares":true,"showImageEffects":true,"showParticleSystems":true},"in2DMode":false,"pivot":{"x":47.33330154418945,"y":0.9849241971969605,"z":49.15045928955078},"rotation":{"x":0.14918896555900575,"y":0.7757844924926758,"z":-0.1997942477464676,"w":0.579695463180542},"size":0.2734631299972534,"orthographic":false}