{"cameraMode":{"drawMode":0,"name":"Shaded","section":"Shading Mode"},"sceneLighting":false,"audioPlay":false,"sceneViewState":{"showFog":true,"showMaterialUpdate":true,"showSkybox":false,"showFlares":true,"showImageEffects":true,"showParticleSystems":true},"in2DMode":false,"pivot":{"x":47.23590850830078,"y":0.9972438812255859,"z":49.047916412353519},"rotation":{"x":-0.25441035628318789,"y":0.5197075009346008,"z":-0.16556009650230409,"w":-0.7986215353012085},"size":0.2542157769203186,"orthographic":false}