{"cameraMode":{"drawMode":0,"name":"Shaded","section":"Shading Mode"},"sceneLighting":false,"audioPlay":false,"sceneViewState":{"showFog":true,"showMaterialUpdate":true,"showSkybox":false,"showFlares":true,"showImageEffects":true,"showParticleSystems":true},"in2DMode":false,"pivot":{"x":54.5714111328125,"y":1.1104965209960938,"z":49.24872589111328},"rotation":{"x":0.19476179778575898,"y":0.31180280447006228,"z":-0.06567313522100449,"w":0.9277067184448242},"size":0.6256221532821655,"orthographic":false}