{"cameraMode":{"drawMode":0,"name":"Shaded","section":"Shading Mode"},"sceneLighting":false,"audioPlay":false,"sceneViewState":{"showFog":true,"showMaterialUpdate":true,"showSkybox":false,"showFlares":true,"showImageEffects":true,"showParticleSystems":true},"in2DMode":false,"pivot":{"x":47.102294921875,"y":1.0135120153427125,"z":49.700435638427737},"rotation":{"x":0.1542186141014099,"y":0.6918489336967468,"z":-0.1550983041524887,"w":0.6881506443023682},"size":0.8057487607002258,"orthographic":false}