{"cameraMode":{"drawMode":0,"name":"Shaded","section":"Shading Mode"},"sceneLighting":false,"audioPlay":false,"sceneViewState":{"showFog":true,"showMaterialUpdate":true,"showSkybox":false,"showFlares":true,"showImageEffects":true,"showParticleSystems":true},"in2DMode":false,"pivot":{"x":47.279117584228519,"y":1.0640450716018677,"z":47.256683349609378},"rotation":{"x":0.208299919962883,"y":0.4579566419124603,"z":-0.11148007959127426,"w":0.8570510149002075},"size":0.5066189169883728,"orthographic":false}