{"cameraMode":{"drawMode":0,"name":"Shaded","section":"Shading Mode"},"sceneLighting":false,"audioPlay":false,"sceneViewState":{"showFog":true,"showMaterialUpdate":true,"showSkybox":false,"showFlares":true,"showImageEffects":true,"showParticleSystems":true},"in2DMode":false,"pivot":{"x":47.131439208984378,"y":1.155407428741455,"z":48.608970642089847},"rotation":{"x":-0.14538608491420747,"y":0.5881622433662415,"z":-0.10847321897745133,"w":-0.7881655097007752},"size":0.1903141736984253,"orthographic":false}