{"cameraMode":{"drawMode":0,"name":"Shaded","section":"Shading Mode"},"sceneLighting":false,"audioPlay":false,"sceneViewState":{"showFog":true,"showMaterialUpdate":true,"showSkybox":false,"showFlares":true,"showImageEffects":true,"showParticleSystems":true},"in2DMode":false,"pivot":{"x":46.186676025390628,"y":1.0463817119598389,"z":44.626922607421878},"rotation":{"x":-0.0014028267469257117,"y":-0.9692924618721008,"z":0.24584797024726869,"w":-0.0055277300998568539},"size":0.5152345895767212,"orthographic":false}