{"cameraMode":{"drawMode":0,"name":"Shaded","section":"Shading Mode"},"sceneLighting":false,"audioPlay":false,"sceneViewState":{"showFog":true,"showMaterialUpdate":true,"showSkybox":false,"showFlares":true,"showImageEffects":true,"showParticleSystems":true},"in2DMode":false,"pivot":{"x":46.92650604248047,"y":1.2942094802856446,"z":48.72038269042969},"rotation":{"x":0.07488010078668595,"y":-0.8678125739097595,"z":0.1378219723701477,"w":0.4714932143688202},"size":0.361837774515152,"orthographic":false}