{"cameraMode":{"drawMode":0,"name":"Shaded","section":"Shading Mode"},"sceneLighting":false,"audioPlay":false,"sceneViewState":{"showFog":true,"showMaterialUpdate":true,"showSkybox":false,"showFlares":true,"showImageEffects":true,"showParticleSystems":true},"in2DMode":false,"pivot":{"x":47.31396484375,"y":0.9545546770095825,"z":47.595001220703128},"rotation":{"x":0.06167304143309593,"y":0.9382133483886719,"z":-0.24160493910312653,"w":0.2401224970817566},"size":1.31571364402771,"orthographic":false}