{"cameraMode":{"drawMode":0,"name":"Shaded","section":"Shading Mode"},"sceneLighting":true,"audioPlay":false,"sceneViewState":{"showFog":true,"showMaterialUpdate":true,"showSkybox":true,"showFlares":true,"showImageEffects":true,"showParticleSystems":true},"in2DMode":false,"pivot":{"x":55.40769958496094,"y":1.212003231048584,"z":50.11450958251953},"rotation":{"x":-0.018534686416387559,"y":0.5733963847160339,"z":0.012755390256643296,"w":0.8190340995788574},"size":2.240630865097046,"orthographic":false}