{"cameraMode":{"drawMode":0,"name":"Shaded","section":"Shading Mode"},"sceneLighting":false,"audioPlay":false,"sceneViewState":{"showFog":true,"showMaterialUpdate":true,"showSkybox":false,"showFlares":true,"showImageEffects":true,"showParticleSystems":true},"in2DMode":false,"pivot":{"x":47.23558807373047,"y":1.0226713418960572,"z":49.07265090942383},"rotation":{"x":-0.1522502899169922,"y":-0.8456566333770752,"z":0.32790055871009829,"w":-0.3926602303981781},"size":0.37024998664855959,"orthographic":false}