{"cameraMode":{"drawMode":0,"name":"Shaded","section":"Shading Mode"},"sceneLighting":true,"audioPlay":false,"sceneViewState":{"showFog":true,"showMaterialUpdate":true,"showSkybox":true,"showFlares":true,"showImageEffects":true,"showParticleSystems":true},"in2DMode":false,"pivot":{"x":46.902313232421878,"y":1.1612250804901124,"z":48.377037048339847},"rotation":{"x":0.09179236739873886,"y":0.6544601321220398,"z":-0.08050420880317688,"w":0.7461872696876526},"size":0.2542157769203186,"orthographic":false}