{"cameraMode":{"drawMode":0,"name":"Shaded","section":"Shading Mode"},"sceneLighting":true,"audioPlay":false,"sceneViewState":{"showFog":true,"showMaterialUpdate":false,"showSkybox":true,"showFlares":true,"showImageEffects":true,"showParticleSystems":true},"in2DMode":false,"pivot":{"x":47.47700119018555,"y":1.5588475465774537,"z":48.722900390625},"rotation":{"x":0.10003858804702759,"y":0.7466899752616882,"z":-0.1153801828622818,"w":0.6474061012268066},"size":0.5420986413955689,"orthographic":false}